<application>
  <component name="FileTypeManager" version="18">
    <ignoreFiles list="*.phar;*.pyc;*.pyo;*.rbc;*.yarb;*~;.DS_Store;.git;.hg;.svn;CVS;__pycache__;_svn;vssver.scc;vssver2.scc" />
    <extensionMap>
      <mapping pattern="yxcxy" type="AUTO_DETECTED" />
      <mapping pattern="393a677f-ca20-426b-9567-ee00f11bd0df" type="AUTO_DETECTED" />
      <mapping pattern="dfdf" type="AUTO_DETECTED" />
      <mapping pattern="slow_log" type="AUTO_DETECTED" />
      <mapping pattern="e324165d-4b6d-4153-950a-ed7906bd74fa" type="AUTO_DETECTED" />
      <mapping pattern="xxx" type="AUTO_DETECTED" />
      <mapping pattern="FilterPeriodTest.phpt" type="PHP" />
      <mapping ext="phpt" type="PHP" />
      <mapping ext=" neon" type="PLAIN_TEXT" />
      <mapping ext="ini-development" type="PLAIN_TEXT" />
      <mapping ext="meta" type="PLAIN_TEXT" />
      <mapping ext="gz" type="PLAIN_TEXT" />
      <mapping ext="lock" type="PLAIN_TEXT" />
      <mapping ext="log" type="PLAIN_TEXT" />
      <mapping ext="sock" type="PLAIN_TEXT" />
      <removed_mapping ext="dockerignore" approved="true" type="DockerIgnore file" />
      <removed_mapping ext="ignore" approved="true" type="IgnoreLang file" />
      <removed_mapping ext="neon" approved="true" type="PLAIN_TEXT" />
      <removed_mapping ext="phpt" approved="true" type="PHPT" />
      <removed_mapping pattern="config.local.neon" approved="true" type="Neon" />
    </extensionMap>
  </component>
</application>