<keymap version="1" name="Default copy 1" parent="$default">
  <action id="Back">
    <mouse-shortcut keystroke="button4" />
    <keyboard-shortcut first-keystroke="alt left" />
  </action>
  <action id="ChangesView.AddUnversioned" />
  <action id="Diagram.DeselectAll" />
  <action id="ExtractInterface">
    <keyboard-shortcut first-keystroke="ctrl alt numpad7" />
  </action>
  <action id="Forward">
    <mouse-shortcut keystroke="button5" />
    <keyboard-shortcut first-keystroke="alt right" />
  </action>
  <action id="GotoCustomRegion" />
  <action id="GotoImplementation">
    <mouse-shortcut keystroke="control alt button1" />
  </action>
  <action id="Inline">
    <keyboard-shortcut first-keystroke="ctrl alt n" />
    <keyboard-shortcut first-keystroke="alt n" />
  </action>
  <action id="IntroduceConstant">
    <keyboard-shortcut first-keystroke="ctrl alt numpad2" />
  </action>
  <action id="IntroduceField">
    <keyboard-shortcut first-keystroke="ctrl alt numpad3" />
  </action>
  <action id="IntroduceFunctionalParameter">
    <keyboard-shortcut first-keystroke="ctrl alt numpad5" />
  </action>
  <action id="IntroduceParameter">
    <keyboard-shortcut first-keystroke="ctrl alt numpad4" />
  </action>
  <action id="IntroduceParameterObject">
    <keyboard-shortcut first-keystroke="ctrl alt numpad6" />
  </action>
  <action id="IntroduceVariable">
    <keyboard-shortcut first-keystroke="ctrl alt numpad1" />
  </action>
  <action id="Mvc.RunTarget" />
  <action id="NextTab" />
  <action id="PreviousTab">
    <keyboard-shortcut first-keystroke="shift ctrl tab" />
  </action>
  <action id="SwitchApply">
    <keyboard-shortcut first-keystroke="shift alt enter" />
  </action>
  <action id="SwitchDown">
    <keyboard-shortcut first-keystroke="shift alt down" />
  </action>
  <action id="SwitchLeft">
    <keyboard-shortcut first-keystroke="shift alt left" />
  </action>
  <action id="SwitchRight">
    <keyboard-shortcut first-keystroke="shift alt right" />
  </action>
  <action id="SwitchUp">
    <keyboard-shortcut first-keystroke="shift alt up" />
  </action>
  <action id="Switcher">
    <keyboard-shortcut first-keystroke="ctrl tab" />
  </action>
  <action id="XPathView.Actions.Evaluate" />
  <action id="XPathView.Actions.FindByExpression" />
  <action id="XPathView.Actions.ShowPath" />
</keymap>